,StockCode,label
0,0,2.0
1,1,0.0
2,2,0.0
3,3,1.0
4,4,0.0
5,5,0.0
6,6,2.0
7,7,0.0
8,8,3.0
9,9,4.0
10,10,0.0
11,11,0.0
12,12,1.0
13,13,2.0
14,14,7.0
15,15,7.0
16,16,7.0
17,17,7.0
18,18,8.0
19,19,8.0
20,20,8.0
21,21,9.0
22,22,9.0
23,23,9.0
24,24,7.0
25,25,0.0
26,26,0.0
27,27,0.0
28,28,0.0
29,29,0.0
30,30,0.0
31,31,2.0
32,32,2.0
33,33,0.0
34,34,0.0
35,35,0.0
36,36,2.0
37,37,0.0
38,38,0.0
39,39,0.0
40,40,0.0
41,41,3.0
42,42,0.0
43,43,0.0
44,44,0.0
45,45,0.0
46,46,0.0
47,47,0.0
48,48,1.0
49,49,0.0
50,50,0.0
51,51,0.0
52,52,0.0
53,53,0.0
54,55,0.0
55,57,0.0
56,58,0.0
57,59,3.0
58,60,7.0
59,61,7.0
60,62,0.0
61,63,0.0
62,64,0.0
63,65,3.0
64,66,0.0
65,67,0.0
66,68,0.0
67,69,0.0
68,70,0.0
69,71,3.0
70,72,2.0
71,73,0.0
72,74,0.0
73,76,0.0
74,77,6.0
75,78,1.0
76,78,6.0
77,79,2.0
78,80,2.0
79,81,2.0
80,82,2.0
81,83,0.0
82,83,6.0
83,84,2.0
84,85,0.0
85,86,0.0
86,87,0.0
87,89,0.0
88,90,0.0
89,91,0.0
90,92,0.0
91,93,0.0
92,94,0.0
93,95,3.0
94,96,3.0
95,97,0.0
96,98,0.0
97,99,0.0
98,100,6.0
99,101,0.0
100,102,2.0
101,103,0.0
102,104,0.0
103,105,2.0
104,106,0.0
105,108,0.0
106,109,3.0
107,110,6.0
108,111,6.0
109,112,7.0
110,113,1.0
111,114,1.0
112,115,6.0
113,116,6.0
114,117,6.0
115,118,6.0
116,119,3.0
117,120,3.0
118,121,3.0
119,122,3.0
120,123,3.0
121,124,3.0
122,125,3.0
123,126,7.0
124,126,8.0
125,127,7.0
126,127,8.0
127,128,7.0
128,128,8.0
129,129,7.0
130,130,7.0
131,131,7.0
132,132,7.0
133,133,0.0
134,134,3.0
135,135,7.0
136,136,3.0
137,137,3.0
138,138,3.0
139,139,3.0
140,140,3.0
141,142,8.0
142,143,7.0
143,144,7.0
144,145,7.0
145,146,9.0
146,147,7.0
147,148,7.0
148,149,8.0
149,150,7.0
150,151,6.0
151,152,6.0
152,153,6.0
153,154,7.0
154,156,8.0
155,157,8.0
156,158,9.0
157,159,5.0
158,159,9.0
159,160,3.0
160,161,5.0
161,162,5.0
162,163,5.0
163,164,3.0
164,165,3.0
165,166,3.0
166,167,2.0
167,168,2.0
168,169,2.0
169,170,4.0
170,171,4.0
171,172,4.0
172,173,4.0
173,174,3.0
174,175,2.0
175,176,2.0
176,177,9.0
177,178,9.0
178,179,9.0
179,180,6.0
180,181,6.0
181,182,6.0
182,183,2.0
183,184,2.0
184,185,2.0
185,186,2.0
186,187,2.0
187,188,2.0
188,189,7.0
189,190,7.0
190,191,7.0
191,192,7.0
192,193,7.0
193,194,7.0
194,195,6.0
195,196,6.0
196,197,6.0
197,198,6.0
198,199,6.0
199,200,6.0
200,201,4.0
201,202,4.0
202,203,4.0
203,204,4.0
204,205,4.0
205,206,8.0
206,207,8.0
207,208,8.0
208,209,9.0
209,210,9.0
210,211,6.0
211,212,6.0
212,213,4.0
213,214,6.0
214,215,1.0
215,216,4.0
216,217,0.0
217,218,5.0
218,219,3.0
219,219,7.0
220,220,7.0
221,221,8.0
222,222,8.0
223,223,1.0
224,224,0.0
225,225,0.0
226,226,6.0
227,227,6.0
228,228,6.0
229,229,6.0
230,230,0.0
231,231,1.0
232,232,1.0
233,233,1.0
234,234,2.0
235,235,2.0
236,236,2.0
237,237,8.0
238,238,3.0
239,239,7.0
240,240,7.0
241,241,8.0
242,242,4.0
243,243,4.0
244,244,4.0
245,245,6.0
246,246,3.0
247,247,3.0
248,248,0.0
249,249,0.0
250,250,3.0
251,251,5.0
252,252,9.0
253,253,6.0
254,254,7.0
255,255,7.0
256,256,7.0
257,257,8.0
258,258,8.0
259,259,8.0
260,261,8.0
261,262,7.0
262,263,7.0
263,264,7.0
264,265,7.0
265,266,8.0
266,267,7.0
267,268,7.0
268,269,3.0
269,270,3.0
270,271,3.0
271,272,3.0
272,273,3.0
273,275,3.0
274,276,7.0
275,277,7.0
276,278,7.0
277,279,3.0
278,280,3.0
279,281,1.0
280,282,1.0
281,283,1.0
282,284,3.0
283,285,3.0
284,286,3.0
285,287,3.0
286,288,2.0
287,289,2.0
288,290,2.0
289,291,0.0
290,292,3.0
291,293,3.0
292,294,0.0
293,295,0.0
294,296,8.0
295,297,7.0
296,298,8.0
297,299,8.0
298,300,8.0
299,301,8.0
300,302,3.0
301,303,6.0
302,304,0.0
303,305,0.0
304,306,2.0
305,307,3.0
306,308,3.0
307,309,3.0
308,310,3.0
309,311,3.0
310,312,3.0
311,313,3.0
312,314,5.0
313,315,2.0
314,316,7.0
315,317,1.0
316,318,6.0
317,319,1.0
318,320,7.0
319,321,8.0
320,322,5.0
321,323,6.0
322,324,9.0
323,325,9.0
324,326,9.0
325,327,2.0
326,328,2.0
327,329,2.0
328,330,2.0
329,331,2.0
330,332,2.0
331,333,8.0
332,334,8.0
333,335,3.0
334,336,3.0
335,337,3.0
336,338,3.0
337,339,3.0
338,340,3.0
339,341,2.0
340,342,2.0
341,343,0.0
342,344,1.0
343,345,1.0
344,346,0.0
345,347,0.0
346,348,0.0
347,349,2.0
348,350,2.0
349,351,0.0
350,352,3.0
351,353,4.0
352,354,7.0
353,355,7.0
354,356,1.0
355,357,5.0
356,358,9.0
357,359,7.0
358,360,7.0
359,361,3.0
360,362,9.0
361,363,8.0
362,364,3.0
363,365,3.0
364,366,3.0
365,367,3.0
366,368,3.0
367,369,3.0
368,370,3.0
369,371,9.0
370,372,9.0
371,373,8.0
372,374,8.0
373,375,4.0
374,376,4.0
375,377,7.0
376,378,5.0
377,379,0.0
378,380,3.0
379,381,6.0
380,382,3.0
381,383,6.0
382,384,5.0
383,385,6.0
384,386,0.0
385,387,0.0
386,388,3.0
387,389,0.0
388,390,0.0
389,391,7.0
390,392,4.0
391,393,5.0
392,394,0.0
393,395,4.0
394,396,3.0
395,397,3.0
396,398,5.0
397,399,6.0
398,400,0.0
399,401,6.0
400,402,4.0
401,403,7.0
402,404,4.0
403,405,3.0
404,405,4.0
405,406,6.0
406,407,4.0
407,408,1.0
408,409,6.0
409,410,4.0
410,411,4.0
411,412,4.0
412,413,4.0
413,414,4.0
414,415,6.0
415,416,4.0
416,417,4.0
417,418,6.0
418,419,4.0
419,420,4.0
420,421,0.0
421,422,0.0
422,423,3.0
423,424,3.0
424,425,1.0
425,426,1.0
426,427,1.0
427,428,8.0
428,429,9.0
429,430,7.0
430,431,3.0
431,432,3.0
432,433,3.0
433,434,3.0
434,435,3.0
435,436,3.0
436,437,3.0
437,438,3.0
438,439,3.0
439,440,2.0
440,441,2.0
441,442,2.0
442,443,4.0
443,444,4.0
444,445,4.0
445,446,4.0
446,447,8.0
447,448,3.0
448,449,7.0
449,450,7.0
450,451,7.0
451,452,7.0
452,453,9.0
453,454,9.0
454,455,8.0
455,456,7.0
456,457,7.0
457,458,7.0
458,459,5.0
459,460,5.0
460,461,5.0
461,462,0.0
462,463,9.0
463,464,9.0
464,465,3.0
465,466,9.0
466,467,9.0
467,468,6.0
468,469,6.0
469,470,6.0
470,471,6.0
471,472,4.0
472,473,0.0
473,474,1.0
474,474,6.0
475,475,0.0
476,476,7.0
477,477,3.0
478,478,2.0
479,479,2.0
480,480,6.0
481,481,0.0
482,482,0.0
483,483,0.0
484,483,6.0
485,484,9.0
486,485,0.0
487,486,2.0
488,487,6.0
489,488,1.0
490,489,8.0
491,490,0.0
492,491,4.0
493,492,6.0
494,493,7.0
495,494,1.0
496,495,4.0
497,496,4.0
498,497,4.0
499,498,9.0
500,499,9.0
501,500,7.0
502,501,7.0
503,502,9.0
504,503,9.0
505,504,6.0
506,504,7.0
507,505,9.0
508,506,9.0
509,507,7.0
510,508,3.0
511,509,3.0
512,510,3.0
513,511,3.0
514,512,3.0
515,513,7.0
516,514,9.0
517,515,9.0
518,516,8.0
519,517,9.0
520,518,1.0
521,519,8.0
522,520,1.0
523,521,1.0
524,522,3.0
525,523,4.0
526,524,1.0
527,525,1.0
528,526,1.0
529,527,3.0
530,528,8.0
531,529,8.0
532,530,4.0
533,531,4.0
534,532,3.0
535,533,7.0
536,534,4.0
537,535,1.0
538,536,1.0
539,537,2.0
540,538,2.0
541,539,2.0
542,540,3.0
543,541,1.0
544,542,0.0
545,542,6.0
546,543,6.0
547,544,0.0
548,545,0.0
549,546,0.0
550,547,0.0
551,548,0.0
552,549,0.0
553,550,0.0
554,551,0.0
555,552,0.0
556,553,8.0
557,554,8.0
558,555,8.0
559,557,3.0
560,559,6.0
561,560,7.0
562,561,6.0
563,562,6.0
564,563,7.0
565,564,3.0
566,565,2.0
567,566,7.0
568,567,7.0
569,568,6.0
570,569,6.0
571,570,8.0
572,571,5.0
573,572,7.0
574,573,3.0
575,574,2.0
576,575,2.0
577,576,3.0
578,577,3.0
579,578,3.0
580,579,4.0
581,580,7.0
582,581,2.0
583,582,2.0
584,583,3.0
585,584,3.0
586,585,3.0
587,586,5.0
588,587,5.0
589,588,5.0
590,589,9.0
591,590,8.0
592,591,8.0
593,592,7.0
594,593,7.0
595,594,7.0
596,595,7.0
597,596,7.0
598,597,7.0
599,598,7.0
600,599,7.0
601,600,9.0
602,601,9.0
603,602,8.0
604,603,7.0
605,604,8.0
606,605,8.0
607,606,7.0
608,607,7.0
609,608,3.0
610,609,0.0
611,610,0.0
612,611,0.0
613,612,0.0
614,613,0.0
615,614,0.0
616,615,0.0
617,616,0.0
618,617,0.0
619,618,0.0
620,619,0.0
621,620,0.0
622,621,0.0
623,622,0.0
624,623,9.0
625,624,9.0
626,625,9.0
627,626,9.0
628,627,1.0
629,628,6.0
630,629,8.0
631,630,8.0
632,631,6.0
633,632,8.0
634,633,7.0
635,634,8.0
636,635,2.0
637,636,7.0
638,637,6.0
639,638,6.0
640,639,7.0
641,640,6.0
642,641,6.0
643,642,6.0
644,643,3.0
645,644,7.0
646,645,7.0
647,646,6.0
648,647,6.0
649,648,6.0
650,649,6.0
651,650,6.0
652,651,6.0
653,652,4.0
654,653,6.0
655,654,6.0
656,655,6.0
657,656,3.0
658,657,3.0
659,658,7.0
660,659,7.0
661,660,7.0
662,661,3.0
663,662,3.0
664,663,3.0
665,664,3.0
666,665,3.0
667,666,3.0
668,667,9.0
669,668,8.0
670,669,9.0
671,670,8.0
672,671,9.0
673,672,5.0
674,673,9.0
675,674,9.0
676,675,9.0
677,676,9.0
678,677,7.0
679,678,7.0
680,679,9.0
681,680,0.0
682,681,3.0
683,682,1.0
684,683,3.0
685,684,6.0
686,685,2.0
687,686,0.0
688,687,0.0
689,688,3.0
690,689,3.0
691,690,4.0
692,691,6.0
693,692,3.0
694,693,0.0
695,694,4.0
696,695,0.0
697,696,4.0
698,697,3.0
699,698,9.0
700,699,7.0
701,700,8.0
702,701,8.0
703,702,7.0
704,703,1.0
705,704,9.0
706,705,3.0
707,706,3.0
708,707,3.0
709,708,3.0
710,709,3.0
711,710,3.0
712,711,2.0
713,712,2.0
714,713,2.0
715,714,2.0
716,715,2.0
717,716,2.0
718,718,8.0
719,719,7.0
720,720,2.0
721,721,9.0
722,722,7.0
723,723,7.0
724,724,7.0
725,725,7.0
726,726,7.0
727,727,7.0
728,728,7.0
729,729,7.0
730,730,0.0
731,731,2.0
732,732,0.0
733,733,2.0
734,734,4.0
735,735,8.0
736,736,8.0
737,737,8.0
738,738,8.0
739,739,8.0
740,740,8.0
741,741,6.0
742,742,3.0
743,743,6.0
744,744,6.0
745,745,6.0
746,746,3.0
747,747,2.0
748,748,2.0
749,749,2.0
750,750,2.0
751,751,2.0
752,752,2.0
753,753,2.0
754,754,2.0
755,755,8.0
756,756,4.0
757,757,7.0
758,758,9.0
759,759,6.0
760,760,7.0
761,761,7.0
762,762,7.0
763,763,8.0
764,764,7.0
765,765,7.0
766,766,7.0
767,767,3.0
768,768,3.0
769,769,6.0
770,770,6.0
771,771,8.0
772,772,8.0
773,773,8.0
774,774,8.0
775,775,8.0
776,776,9.0
777,777,9.0
778,778,9.0
779,779,8.0
780,780,3.0
781,781,3.0
782,782,3.0
783,783,9.0
784,784,9.0
785,785,9.0
786,786,2.0
787,787,0.0
788,788,2.0
789,789,2.0
790,790,2.0
791,791,2.0
792,792,3.0
793,793,7.0
794,794,7.0
795,795,7.0
796,796,0.0
797,797,0.0
798,798,0.0
799,799,7.0
800,800,0.0
801,801,7.0
802,802,0.0
803,803,0.0
804,804,0.0
805,805,8.0
806,806,8.0
807,807,3.0
808,808,3.0
809,809,3.0
810,810,0.0
811,811,0.0
812,812,0.0
813,813,7.0
814,814,7.0
815,815,1.0
816,816,0.0
817,817,0.0
818,818,3.0
819,819,3.0
820,820,3.0
821,821,0.0
822,822,0.0
823,823,4.0
824,824,4.0
825,827,8.0
826,828,9.0
827,829,7.0
828,830,1.0
829,831,8.0
830,832,8.0
831,833,8.0
832,834,8.0
833,835,8.0
834,836,6.0
835,837,6.0
836,838,3.0
837,839,3.0
838,840,3.0
839,841,3.0
840,842,3.0
841,843,3.0
842,844,3.0
843,845,3.0
844,846,3.0
845,847,3.0
846,848,3.0
847,849,2.0
848,850,1.0
849,851,1.0
850,852,1.0
851,853,1.0
852,854,1.0
853,855,1.0
854,856,7.0
855,857,3.0
856,858,7.0
857,859,3.0
858,860,3.0
859,861,3.0
860,862,8.0
861,863,6.0
862,864,7.0
863,865,7.0
864,866,1.0
865,867,1.0
866,868,1.0
867,869,1.0
868,870,6.0
869,871,6.0
870,872,1.0
871,873,9.0
872,874,6.0
873,875,6.0
874,876,4.0
875,877,4.0
876,878,7.0
877,879,7.0
878,880,3.0
879,881,3.0
880,882,0.0
881,883,0.0
882,884,0.0
883,885,9.0
884,886,3.0
885,887,3.0
886,888,3.0
887,889,5.0
888,890,5.0
889,891,5.0
890,892,5.0
891,893,4.0
892,894,4.0
893,895,4.0
894,896,4.0
895,897,7.0
896,898,7.0
897,899,2.0
898,900,2.0
899,901,2.0
900,902,2.0
901,903,2.0
902,904,3.0
903,905,3.0
904,906,3.0
905,907,9.0
906,908,0.0
907,909,3.0
908,910,3.0
909,911,3.0
910,912,1.0
911,913,1.0
912,914,1.0
913,915,0.0
914,916,0.0
915,917,0.0
916,918,0.0
917,919,0.0
918,920,0.0
919,921,0.0
920,922,1.0
921,923,2.0
922,924,2.0
923,925,3.0
924,926,3.0
925,927,3.0
926,928,3.0
927,929,4.0
928,930,0.0
929,931,0.0
930,932,0.0
931,933,0.0
932,934,0.0
933,935,0.0
934,936,0.0
935,937,0.0
936,938,0.0
937,939,0.0
938,940,0.0
939,941,0.0
940,942,0.0
941,943,0.0
942,944,0.0
943,945,0.0
944,946,0.0
945,947,6.0
946,948,0.0
947,949,0.0
948,950,0.0
949,951,0.0
950,952,0.0
951,953,0.0
952,954,0.0
953,955,0.0
954,956,0.0
955,957,0.0
956,958,0.0
957,959,3.0
958,960,4.0
959,961,3.0
960,962,3.0
961,963,7.0
962,964,9.0
963,965,1.0
964,966,7.0
965,967,4.0
966,968,0.0
967,969,0.0
968,970,4.0
969,971,4.0
970,972,4.0
971,973,7.0
972,974,7.0
973,975,7.0
974,976,7.0
975,977,4.0
976,978,4.0
977,979,4.0
978,980,4.0
979,981,6.0
980,982,4.0
981,983,4.0
982,984,4.0
983,985,4.0
984,986,7.0
985,987,7.0
986,988,7.0
987,989,7.0
988,990,7.0
989,991,7.0
990,992,7.0
991,993,7.0
992,994,0.0
993,995,0.0
994,996,0.0
995,997,0.0
996,998,0.0
997,999,0.0
998,1000,0.0
999,1001,0.0
1000,1002,0.0
1001,1003,0.0
1002,1004,6.0
1003,1005,4.0
1004,1006,4.0
1005,1007,3.0
1006,1008,8.0
1007,1009,9.0
1008,1010,7.0
1009,1011,7.0
1010,1012,7.0
1011,1013,6.0
1012,1014,8.0
1013,1015,8.0
1014,1016,8.0
1015,1017,8.0
1016,1018,1.0
1017,1019,1.0
1018,1020,7.0
1019,1021,8.0
1020,1022,9.0
1021,1023,9.0
1022,1024,8.0
1023,1025,5.0
1024,1026,6.0
1025,1027,8.0
1026,1028,3.0
1027,1029,3.0
1028,1030,2.0
1029,1031,2.0
1030,1032,5.0
1031,1033,2.0
1032,1034,2.0
1033,1035,0.0
1034,1036,0.0
1035,1037,4.0
1036,1038,7.0
1037,1039,8.0
1038,1040,8.0
1039,1041,6.0
1040,1042,3.0
1041,1043,6.0
1042,1044,6.0
1043,1046,3.0
1044,1047,5.0
1045,1048,6.0
1046,1049,5.0
1047,1050,0.0
1048,1051,0.0
1049,1052,0.0
1050,1053,0.0
1051,1054,0.0
1052,1055,2.0
1053,1056,2.0
1054,1057,7.0
1055,1058,0.0
1056,1059,7.0
1057,1060,1.0
1058,1061,7.0
1059,1062,9.0
1060,1063,9.0
1061,1064,9.0
1062,1065,9.0
1063,1066,9.0
1064,1067,9.0
1065,1068,9.0
1066,1069,7.0
1067,1070,4.0
1068,1071,7.0
1069,1072,7.0
1070,1073,3.0
1071,1074,9.0
1072,1075,9.0
1073,1076,2.0
1074,1077,8.0
1075,1078,9.0
1076,1079,9.0
1077,1080,4.0
1078,1081,5.0
1079,1082,5.0
1080,1083,7.0
1081,1084,7.0
1082,1085,6.0
1083,1086,9.0
1084,1087,9.0
1085,1088,9.0
1086,1089,9.0
1087,1090,4.0
1088,1091,2.0
1089,1092,2.0
1090,1093,4.0
1091,1094,8.0
1092,1095,8.0
1093,1096,8.0
1094,1097,7.0
1095,1098,7.0
1096,1099,7.0
1097,1100,8.0
1098,1101,1.0
1099,1102,1.0
1100,1103,1.0
1101,1104,1.0
1102,1105,6.0
1103,1106,6.0
1104,1107,9.0
1105,1108,2.0
1106,1109,3.0
1107,1111,2.0
1108,1112,9.0
1109,1113,9.0
1110,1114,8.0
1111,1115,8.0
1112,1116,7.0
1113,1117,1.0
1114,1118,2.0
1115,1119,2.0
1116,1120,0.0
1117,1121,1.0
1118,1122,1.0
1119,1123,1.0
1120,1124,9.0
1121,1125,3.0
1122,1126,4.0
1123,1127,4.0
1124,1128,5.0
1125,1129,2.0
1126,1130,5.0
1127,1131,2.0
1128,1132,2.0
1129,1133,2.0
1130,1134,2.0
1131,1135,3.0
1132,1136,3.0
1133,1137,3.0
1134,1138,2.0
1135,1139,3.0
1136,1140,3.0
1137,1141,3.0
1138,1142,3.0
1139,1143,2.0
1140,1144,2.0
1141,1145,2.0
1142,1146,2.0
1143,1147,2.0
1144,1148,1.0
1145,1149,1.0
1146,1150,3.0
1147,1151,2.0
1148,1152,0.0
1149,1153,7.0
1150,1154,7.0
1151,1155,7.0
1152,1156,7.0
1153,1157,7.0
1154,1158,9.0
1155,1159,6.0
1156,1160,6.0
1157,1161,8.0
1158,1162,3.0
1159,1163,3.0
1160,1164,8.0
1161,1165,9.0
1162,1166,9.0
1163,1167,4.0
1164,1168,4.0
1165,1169,4.0
1166,1170,4.0
1167,1171,3.0
1168,1172,3.0
1169,1173,3.0
1170,1174,3.0
1171,1175,3.0
1172,1176,3.0
1173,1177,4.0
1174,1178,4.0
1175,1179,3.0
1176,1180,3.0
1177,1181,6.0
1178,1182,6.0
1179,1183,6.0
1180,1184,6.0
1181,1185,6.0
1182,1186,6.0
1183,1187,2.0
1184,1188,2.0
1185,1189,6.0
1186,1190,6.0
1187,1191,4.0
1188,1192,7.0
1189,1193,7.0
1190,1194,7.0
1191,1195,7.0
1192,1196,3.0
1193,1197,3.0
1194,1198,7.0
1195,1199,7.0
1196,1200,1.0
1197,1201,8.0
1198,1202,2.0
1199,1203,2.0
1200,1205,5.0
1201,1206,8.0
1202,1207,7.0
1203,1208,7.0
1204,1209,7.0
1205,1210,4.0
1206,1211,4.0
1207,1212,4.0
1208,1213,4.0
1209,1214,4.0
1210,1215,1.0
1211,1216,1.0
1212,1217,1.0
1213,1218,0.0
1214,1219,0.0
1215,1220,0.0
1216,1221,4.0
1217,1222,1.0
1218,1223,2.0
1219,1224,2.0
1220,1225,0.0
1221,1226,0.0
1222,1227,2.0
1223,1228,7.0
1224,1229,6.0
1225,1231,6.0
1226,1232,6.0
1227,1233,7.0
1228,1234,2.0
1229,1235,2.0
1230,1236,8.0
1231,1237,7.0
1232,1238,7.0
1233,1239,7.0
1234,1240,7.0
1235,1241,7.0
1236,1242,7.0
1237,1243,7.0
1238,1244,9.0
1239,1245,9.0
1240,1246,5.0
1241,1247,8.0
1242,1248,8.0
1243,1249,8.0
1244,1250,8.0
1245,1251,8.0
1246,1252,6.0
1247,1253,6.0
1248,1254,6.0
1249,1255,6.0
1250,1256,6.0
1251,1257,4.0
1252,1258,4.0
1253,1259,4.0
1254,1260,5.0
1255,1261,5.0
1256,1262,6.0
1257,1263,6.0
1258,1264,6.0
1259,1265,6.0
1260,1266,6.0
1261,1267,0.0
1262,1268,0.0
1263,1269,0.0
1264,1270,3.0
1265,1271,0.0
1266,1272,0.0
1267,1273,0.0
1268,1274,3.0
1269,1275,3.0
1270,1276,3.0
1271,1277,3.0
1272,1278,3.0
1273,1279,3.0
1274,1280,5.0
1275,1281,6.0
1276,1282,7.0
1277,1283,9.0
1278,1284,9.0
1279,1285,3.0
1280,1286,1.0
1281,1287,2.0
1282,1288,0.0
1283,1289,0.0
1284,1290,0.0
1285,1291,1.0
1286,1292,9.0
1287,1293,9.0
1288,1294,8.0
1289,1295,7.0
1290,1296,8.0
1291,1297,9.0
1292,1298,8.0
1293,1299,8.0
1294,1300,5.0
1295,1301,5.0
1296,1302,5.0
1297,1303,5.0
1298,1304,3.0
1299,1305,1.0
1300,1306,2.0
1301,1307,5.0
1302,1308,1.0
1303,1309,0.0
1304,1310,6.0
1305,1311,9.0
1306,1312,9.0
1307,1313,3.0
1308,1314,7.0
1309,1315,7.0
1310,1316,7.0
1311,1317,7.0
1312,1318,7.0
1313,1319,7.0
1314,1320,7.0
1315,1321,7.0
1316,1322,7.0
1317,1323,7.0
1318,1324,8.0
1319,1325,7.0
1320,1326,6.0
1321,1327,6.0
1322,1328,3.0
1323,1329,7.0
1324,1330,4.0
1325,1331,4.0
1326,1332,5.0
1327,1333,6.0
1328,1334,9.0
1329,1335,4.0
1330,1336,7.0
1331,1337,8.0
1332,1338,8.0
1333,1339,8.0
1334,1340,8.0
1335,1341,8.0
1336,1342,8.0
1337,1343,3.0
1338,1344,3.0
1339,1345,3.0
1340,1346,3.0
1341,1347,3.0
1342,1348,3.0
1343,1349,7.0
1344,1350,9.0
1345,1351,9.0
1346,1352,9.0
1347,1353,4.0
1348,1354,0.0
1349,1355,2.0
1350,1356,1.0
1351,1357,4.0
1352,1358,3.0
1353,1359,7.0
1354,1360,7.0
1355,1361,8.0
1356,1362,8.0
1357,1363,8.0
1358,1364,8.0
1359,1365,9.0
1360,1366,8.0
1361,1367,9.0
1362,1368,9.0
1363,1369,8.0
1364,1370,8.0
1365,1371,7.0
1366,1372,9.0
1367,1373,7.0
1368,1374,7.0
1369,1375,7.0
1370,1376,7.0
1371,1377,6.0
1372,1378,6.0
1373,1379,6.0
1374,1380,6.0
1375,1381,6.0
1376,1382,6.0
1377,1383,2.0
1378,1384,2.0
1379,1385,2.0
1380,1386,2.0
1381,1387,3.0
1382,1388,3.0
1383,1389,9.0
1384,1390,0.0
1385,1391,0.0
1386,1392,0.0
1387,1393,0.0
1388,1394,0.0
1389,1395,0.0
1390,1396,0.0
1391,1397,0.0
1392,1398,0.0
1393,1399,0.0
1394,1400,0.0
1395,1401,0.0
1396,1402,0.0
1397,1403,0.0
1398,1404,0.0
1399,1405,0.0
1400,1406,0.0
1401,1407,0.0
1402,1408,3.0
1403,1409,3.0
1404,1410,7.0
1405,1411,4.0
1406,1412,4.0
1407,1413,4.0
1408,1414,4.0
1409,1415,4.0
1410,1416,4.0
1411,1417,4.0
1412,1418,3.0
1413,1419,3.0
1414,1420,4.0
1415,1421,3.0
1416,1422,3.0
1417,1423,3.0
1418,1424,2.0
1419,1425,2.0
1420,1426,3.0
1421,1427,7.0
1422,1428,7.0
1423,1429,7.0
1424,1430,2.0
1425,1431,2.0
1426,1432,2.0
1427,1433,2.0
1428,1434,5.0
1429,1435,2.0
1430,1436,0.0
1431,1437,0.0
1432,1438,0.0
1433,1439,8.0
1434,1440,2.0
1435,1441,6.0
1436,1442,6.0
1437,1443,6.0
1438,1444,3.0
1439,1445,2.0
1440,1446,2.0
1441,1447,6.0
1442,1448,6.0
1443,1449,7.0
1444,1450,7.0
1445,1451,2.0
1446,1452,2.0
1447,1453,2.0
1448,1454,3.0
1449,1455,0.0
1450,1456,0.0
1451,1457,0.0
1452,1458,2.0
1453,1459,2.0
1454,1460,2.0
1455,1461,2.0
1456,1462,6.0
1457,1463,9.0
1458,1464,9.0
1459,1465,9.0
1460,1466,0.0
1461,1467,0.0
1462,1468,0.0
1463,1469,8.0
1464,1470,2.0
1465,1471,0.0
1466,1472,0.0
1467,1473,0.0
1468,1474,8.0
1469,1475,9.0
1470,1476,7.0
1471,1477,3.0
1472,1478,4.0
1473,1479,9.0
1474,1480,8.0
1475,1481,9.0
1476,1482,9.0
1477,1483,9.0
1478,1484,9.0
1479,1485,8.0
1480,1486,5.0
1481,1487,5.0
1482,1488,5.0
1483,1489,6.0
1484,1490,6.0
1485,1491,9.0
1486,1492,9.0
1487,1493,9.0
1488,1494,6.0
1489,1495,6.0
1490,1496,6.0
1491,1497,6.0
1492,1498,6.0
1493,1499,6.0
1494,1500,6.0
1495,1501,3.0
1496,1502,3.0
1497,1503,3.0
1498,1504,3.0
1499,1505,8.0
1500,1506,3.0
1501,1507,2.0
1502,1508,4.0
1503,1509,5.0
1504,1510,8.0
1505,1511,9.0
1506,1512,9.0
1507,1513,5.0
1508,1514,9.0
1509,1515,2.0
1510,1516,4.0
1511,1517,5.0
1512,1518,6.0
1513,1519,7.0
1514,1520,7.0
1515,1521,7.0
1516,1522,7.0
1517,1523,7.0
1518,1524,3.0
1519,1525,4.0
1520,1526,4.0
1521,1527,3.0
1522,1528,3.0
1523,1529,3.0
1524,1530,3.0
1525,1531,3.0
1526,1532,3.0
1527,1533,3.0
1528,1534,3.0
1529,1535,3.0
1530,1536,3.0
1531,1537,3.0
1532,1538,3.0
1533,1539,3.0
1534,1540,3.0
1535,1541,9.0
1536,1542,9.0
1537,1543,9.0
1538,1544,9.0
1539,1545,9.0
1540,1546,9.0
1541,1547,3.0
1542,1548,6.0
1543,1549,3.0
1544,1550,5.0
1545,1551,7.0
1546,1552,7.0
1547,1553,7.0
1548,1554,7.0
1549,1555,7.0
1550,1556,6.0
1551,1557,6.0
1552,1558,0.0
1553,1559,0.0
1554,1560,0.0
1555,1561,0.0
1556,1562,0.0
1557,1563,0.0
1558,1564,0.0
1559,1565,0.0
1560,1566,0.0
1561,1567,0.0
1562,1568,0.0
1563,1569,0.0
1564,1570,0.0
1565,1571,0.0
1566,1572,0.0
1567,1573,3.0
1568,1574,8.0
1569,1575,8.0
1570,1576,7.0
1571,1577,7.0
1572,1578,7.0
1573,1579,7.0
1574,1580,7.0
1575,1581,7.0
1576,1582,7.0
1577,1583,7.0
1578,1584,3.0
1579,1585,3.0
1580,1586,3.0
1581,1587,6.0
1582,1588,4.0
1583,1589,4.0
1584,1590,4.0
1585,1591,4.0
1586,1592,4.0
1587,1593,2.0
1588,1594,2.0
1589,1595,7.0
1590,1596,7.0
1591,1597,7.0
1592,1598,6.0
1593,1599,6.0
1594,1600,6.0
1595,1601,6.0
1596,1602,7.0
1597,1603,7.0
1598,1604,7.0
1599,1605,9.0
1600,1606,2.0
1601,1607,2.0
1602,1608,2.0
1603,1609,3.0
1604,1610,3.0
1605,1611,3.0
1606,1612,4.0
1607,1613,9.0
1608,1614,9.0
1609,1615,9.0
1610,1616,9.0
1611,1617,9.0
1612,1618,9.0
1613,1619,7.0
1614,1620,9.0
1615,1621,9.0
1616,1622,9.0
1617,1623,9.0
1618,1624,3.0
1619,1625,3.0
1620,1626,3.0
1621,1627,3.0
1622,1628,3.0
1623,1629,9.0
1624,1630,9.0
1625,1631,7.0
1626,1632,8.0
1627,1633,8.0
1628,1634,9.0
1629,1635,9.0
1630,1636,9.0
1631,1637,8.0
1632,1638,9.0
1633,1639,8.0
1634,1640,9.0
1635,1641,5.0
1636,1642,3.0
1637,1643,2.0
1638,1644,9.0
1639,1645,9.0
1640,1646,9.0
1641,1647,9.0
1642,1648,7.0
1643,1649,9.0
1644,1650,7.0
1645,1651,7.0
1646,1652,9.0
1647,1653,9.0
1648,1654,7.0
1649,1655,3.0
1650,1656,7.0
1651,1657,7.0
1652,1658,7.0
1653,1659,7.0
1654,1660,7.0
1655,1661,7.0
1656,1662,5.0
1657,1663,5.0
1658,1664,0.0
1659,1665,0.0
1660,1666,0.0
1661,1667,0.0
1662,1668,0.0
1663,1669,0.0
1664,1670,1.0
1665,1671,1.0
1666,1672,8.0
1667,1673,9.0
1668,1674,9.0
1669,1675,9.0
1670,1676,9.0
1671,1677,9.0
1672,1678,9.0
1673,1679,9.0
1674,1680,9.0
1675,1681,7.0
1676,1682,9.0
1677,1683,9.0
1678,1684,6.0
1679,1685,8.0
1680,1686,8.0
1681,1687,9.0
1682,1688,9.0
1683,1689,9.0
1684,1690,9.0
1685,1691,9.0
1686,1692,9.0
1687,1693,9.0
1688,1694,8.0
1689,1695,9.0
1690,1696,9.0
1691,1697,9.0
1692,1698,9.0
1693,1699,2.0
1694,1700,8.0
1695,1701,7.0
1696,1702,8.0
1697,1703,3.0
1698,1704,3.0
1699,1705,2.0
1700,1706,4.0
1701,1707,4.0
1702,1708,4.0
1703,1709,4.0
1704,1710,8.0
1705,1711,7.0
1706,1712,6.0
1707,1713,6.0
1708,1714,6.0
1709,1715,5.0
1710,1716,5.0
1711,1717,5.0
1712,1718,5.0
1713,1719,5.0
1714,1720,5.0
1715,1721,5.0
1716,1722,5.0
1717,1723,5.0
1718,1724,5.0
1719,1725,6.0
1720,1726,5.0
1721,1727,5.0
1722,1728,5.0
1723,1729,5.0
1724,1730,5.0
1725,1731,5.0
1726,1732,5.0
1727,1733,5.0
1728,1734,5.0
1729,1735,5.0
1730,1736,6.0
1731,1737,9.0
1732,1738,8.0
1733,1739,3.0
1734,1740,0.0
1735,1741,9.0
1736,1742,7.0
1737,1743,6.0
1738,1744,3.0
1739,1745,5.0
1740,1746,6.0
1741,1747,7.0
1742,1748,6.0
1743,1749,7.0
1744,1750,7.0
1745,1751,7.0
1746,1752,4.0
1747,1753,2.0
1748,1754,2.0
1749,1755,2.0
1750,1756,7.0
1751,1757,7.0
1752,1758,8.0
1753,1759,8.0
1754,1760,8.0
1755,1761,0.0
1756,1762,1.0
1757,1763,1.0
1758,1764,1.0
1759,1765,1.0
1760,1766,1.0
1761,1767,1.0
1762,1768,2.0
1763,1769,2.0
1764,1770,2.0
1765,1771,8.0
1766,1772,8.0
1767,1773,8.0
1768,1774,8.0
1769,1775,9.0
1770,1776,6.0
1771,1777,6.0
1772,1778,6.0
1773,1779,7.0
1774,1780,7.0
1775,1781,7.0
1776,1782,7.0
1777,1783,6.0
1778,1784,5.0
1779,1785,8.0
1780,1786,8.0
1781,1787,9.0
1782,1788,9.0
1783,1789,8.0
1784,1790,0.0
1785,1791,2.0
1786,1792,9.0
1787,1793,9.0
1788,1794,2.0
1789,1795,3.0
1790,1796,3.0
1791,1797,1.0
1792,1798,1.0
1793,1799,3.0
1794,1800,3.0
1795,1801,6.0
1796,1802,6.0
1797,1803,7.0
1798,1804,0.0
1799,1805,8.0
1800,1806,3.0
1801,1807,2.0
1802,1808,2.0
1803,1809,6.0
1804,1810,6.0
1805,1811,3.0
1806,1812,7.0
1807,1813,9.0
1808,1814,3.0
1809,1815,6.0
1810,1816,6.0
1811,1817,4.0
1812,1818,4.0
1813,1819,4.0
1814,1820,3.0
1815,1821,3.0
1816,1822,3.0
1817,1823,7.0
1818,1824,3.0
1819,1825,4.0
1820,1826,3.0
1821,1827,3.0
1822,1828,0.0
1823,1829,0.0
1824,1830,0.0
1825,1831,0.0
1826,1832,0.0
1827,1833,3.0
1828,1834,7.0
1829,1835,8.0
1830,1836,5.0
1831,1837,5.0
1832,1838,3.0
1833,1839,0.0
1834,1840,0.0
1835,1841,0.0
1836,1842,0.0
1837,1843,0.0
1838,1844,0.0
1839,1845,0.0
1840,1846,0.0
1841,1847,0.0
1842,1848,0.0
1843,1849,0.0
1844,1850,0.0
1845,1851,9.0
1846,1852,9.0
1847,1853,9.0
1848,1854,9.0
1849,1855,7.0
1850,1856,7.0
1851,1857,7.0
1852,1858,9.0
1853,1859,9.0
1854,1860,9.0
1855,1861,9.0
1856,1862,9.0
1857,1863,9.0
1858,1864,8.0
1859,1865,5.0
1860,1866,4.0
1861,1867,6.0
1862,1868,5.0
1863,1869,5.0
1864,1870,5.0
1865,1871,4.0
1866,1872,4.0
1867,1873,4.0
1868,1874,4.0
1869,1875,3.0
1870,1876,3.0
1871,1877,3.0
1872,1878,3.0
1873,1879,4.0
1874,1880,1.0
1875,1881,5.0
1876,1882,8.0
1877,1883,8.0
1878,1884,8.0
1879,1885,8.0
1880,1886,8.0
1881,1887,8.0
1882,1888,8.0
1883,1889,8.0
1884,1890,8.0
1885,1891,9.0
1886,1892,9.0
1887,1893,9.0
1888,1894,9.0
1889,1895,9.0
1890,1896,9.0
1891,1897,8.0
1892,1898,8.0
1893,1899,8.0
1894,1900,1.0
1895,1901,5.0
1896,1902,3.0
1897,1903,9.0
1898,1904,9.0
1899,1905,9.0
1900,1906,8.0
1901,1907,6.0
1902,1908,8.0
1903,1909,8.0
1904,1910,9.0
1905,1911,9.0
1906,1912,9.0
1907,1913,5.0
1908,1914,8.0
1909,1915,3.0
1910,1916,3.0
1911,1917,3.0
1912,1918,9.0
1913,1919,9.0
1914,1920,9.0
1915,1921,7.0
1916,1922,7.0
1917,1923,5.0
1918,1924,9.0
1919,1925,3.0
1920,1926,3.0
1921,1927,3.0
1922,1928,4.0
1923,1929,1.0
1924,1930,8.0
1925,1931,9.0
1926,1932,6.0
1927,1933,9.0
1928,1934,4.0
1929,1935,8.0
1930,1936,3.0
1931,1937,1.0
1932,1938,1.0
1933,1939,4.0
1934,1940,9.0
1935,1941,6.0
1936,1942,6.0
1937,1943,8.0
1938,1944,6.0
1939,1945,8.0
1940,1946,9.0
1941,1947,9.0
1942,1948,8.0
1943,1949,8.0
1944,1950,8.0
1945,1951,8.0
1946,1952,8.0
1947,1953,9.0
1948,1954,1.0
1949,1955,0.0
1950,1956,0.0
1951,1957,1.0
1952,1958,1.0
1953,1959,3.0
1954,1960,3.0
1955,1961,8.0
1956,1962,8.0
1957,1963,8.0
1958,1964,8.0
1959,1965,8.0
1960,1966,8.0
1961,1967,8.0
1962,1968,9.0
1963,1969,9.0
1964,1970,8.0
1965,1971,7.0
1966,1972,7.0
1967,1973,3.0
1968,1974,3.0
1969,1975,8.0
1970,1976,8.0
1971,1977,9.0
1972,1978,7.0
1973,1978,9.0
1974,1979,1.0
1975,1980,2.0
1976,1981,7.0
1977,1982,3.0
1978,1983,1.0
1979,1984,6.0
1980,1985,6.0
1981,1986,6.0
1982,1987,7.0
1983,1988,7.0
1984,1989,5.0
1985,1990,1.0
1986,1991,5.0
1987,1992,5.0
1988,1993,5.0
1989,1994,5.0
1990,1995,3.0
1991,1996,3.0
1992,1997,7.0
1993,1998,6.0
1994,1999,8.0
1995,2000,4.0
1996,2001,3.0
1997,2002,1.0
1998,2003,3.0
1999,2004,8.0
2000,2005,4.0
2001,2006,4.0
2002,2007,4.0
2003,2008,9.0
2004,2009,8.0
2005,2010,7.0
2006,2011,6.0
2007,2012,6.0
2008,2013,6.0
2009,2014,6.0
2010,2015,8.0
2011,2016,9.0
2012,2017,1.0
2013,2018,7.0
2014,2019,8.0
2015,2020,0.0
2016,2021,0.0
2017,2022,0.0
2018,2023,4.0
2019,2024,6.0
2020,2025,4.0
2021,2026,4.0
2022,2027,4.0
2023,2028,6.0
2024,2029,6.0
2025,2030,3.0
2026,2031,3.0
2027,2032,3.0
2028,2033,5.0
2029,2034,5.0
2030,2035,5.0
2031,2036,5.0
2032,2037,5.0
2033,2038,2.0
2034,2039,2.0
2035,2040,4.0
2036,2041,4.0
2037,2042,4.0
2038,2043,4.0
2039,2044,3.0
2040,2045,3.0
2041,2046,3.0
2042,2047,3.0
2043,2048,5.0
2044,2049,5.0
2045,2050,3.0
2046,2051,3.0
2047,2052,3.0
2048,2053,3.0
2049,2054,1.0
2050,2055,1.0
2051,2056,1.0
2052,2057,1.0
2053,2058,1.0
2054,2059,1.0
2055,2060,3.0
2056,2061,3.0
2057,2062,3.0
2058,2063,7.0
2059,2064,0.0
2060,2065,0.0
2061,2066,0.0
2062,2067,0.0
2063,2068,6.0
2064,2069,6.0
2065,2070,6.0
2066,2071,8.0
2067,2072,8.0
2068,2073,8.0
2069,2074,8.0
2070,2075,5.0
2071,2076,5.0
2072,2077,8.0
2073,2078,5.0
2074,2079,8.0
2075,2080,6.0
2076,2081,4.0
2077,2082,3.0
2078,2083,3.0
2079,2084,7.0
2080,2085,9.0
2081,2086,8.0
2082,2087,8.0
2083,2088,8.0
2084,2089,3.0
2085,2090,3.0
2086,2091,3.0
2087,2092,3.0
2088,2093,3.0
2089,2094,3.0
2090,2095,3.0
2091,2096,3.0
2092,2097,1.0
2093,2098,4.0
2094,2099,4.0
2095,2100,4.0
2096,2101,3.0
2097,2102,1.0
2098,2103,1.0
2099,2104,1.0
2100,2105,9.0
2101,2106,9.0
2102,2107,2.0
2103,2108,2.0
2104,2109,2.0
2105,2110,2.0
2106,2111,3.0
2107,2112,3.0
2108,2113,3.0
2109,2114,3.0
2110,2115,1.0
2111,2116,1.0
2112,2117,1.0
2113,2118,3.0
2114,2119,4.0
2115,2120,8.0
2116,2121,7.0
2117,2122,4.0
2118,2123,4.0
2119,2124,4.0
2120,2125,5.0
2121,2126,5.0
2122,2127,5.0
2123,2128,3.0
2124,2129,1.0
2125,2130,1.0
2126,2131,1.0
2127,2132,0.0
2128,2133,6.0
2129,2134,8.0
2130,2135,8.0
2131,2136,9.0
2132,2137,9.0
2133,2138,9.0
2134,2139,9.0
2135,2140,6.0
2136,2141,6.0
2137,2142,6.0
2138,2143,4.0
2139,2144,7.0
2140,2145,6.0
2141,2146,5.0
2142,2147,4.0
2143,2148,1.0
2144,2149,1.0
2145,2150,7.0
2146,2151,4.0
2147,2152,3.0
2148,2153,1.0
2149,2154,4.0
2150,2155,3.0
2151,2156,1.0
2152,2157,5.0
2153,2158,5.0
2154,2159,5.0
2155,2160,5.0
2156,2161,5.0
2157,2162,4.0
2158,2163,9.0
2159,2164,9.0
2160,2165,5.0
2161,2166,5.0
2162,2167,3.0
2163,2168,3.0
2164,2169,3.0
2165,2170,5.0
2166,2171,3.0
2167,2172,3.0
2168,2173,3.0
2169,2174,3.0
2170,2175,1.0
2171,2176,1.0
2172,2177,8.0
2173,2178,8.0
2174,2179,8.0
2175,2180,7.0
2176,2181,5.0
2177,2182,5.0
2178,2183,1.0
2179,2184,1.0
2180,2185,1.0
2181,2186,1.0
2182,2187,3.0
2183,2188,3.0
2184,2189,3.0
2185,2190,3.0
2186,2191,1.0
2187,2192,1.0
2188,2193,1.0
2189,2194,0.0
2190,2195,0.0
2191,2196,0.0
2192,2197,0.0
2193,2198,0.0
2194,2199,0.0
2195,2200,7.0
2196,2201,8.0
2197,2202,8.0
2198,2203,8.0
2199,2204,8.0
2200,2205,5.0
2201,2206,7.0
2202,2207,7.0
2203,2208,7.0
2204,2209,7.0
2205,2210,9.0
2206,2211,2.0
2207,2212,2.0
2208,2213,8.0
2209,2214,8.0
2210,2215,7.0
2211,2216,7.0
2212,2217,8.0
2213,2218,8.0
2214,2219,8.0
2215,2220,9.0
2216,2221,5.0
2217,2222,7.0
2218,2223,9.0
2219,2224,8.0
2220,2225,9.0
2221,2226,8.0
2222,2227,9.0
2223,2228,4.0
2224,2229,4.0
2225,2230,4.0
2226,2231,5.0
2227,2232,5.0
2228,2233,5.0
2229,2234,5.0
2230,2235,5.0
2231,2236,7.0
2232,2237,8.0
2233,2238,6.0
2234,2239,6.0
2235,2240,9.0
2236,2241,9.0
2237,2242,9.0
2238,2243,9.0
2239,2244,1.0
2240,2245,1.0
2241,2246,1.0
2242,2247,1.0
2243,2248,1.0
2244,2249,3.0
2245,2250,3.0
2246,2251,3.0
2247,2252,6.0
2248,2253,5.0
2249,2254,0.0
2250,2255,5.0
2251,2256,9.0
2252,2257,1.0
2253,2258,4.0
2254,2259,4.0
2255,2260,4.0
2256,2262,5.0
2257,2263,5.0
2258,2264,5.0
2259,2265,8.0
2260,2266,6.0
2261,2267,8.0
2262,2268,8.0
2263,2269,9.0
2264,2270,9.0
2265,2271,9.0
2266,2272,8.0
2267,2273,9.0
2268,2274,9.0
2269,2275,8.0
2270,2276,9.0
2271,2277,9.0
2272,2278,7.0
2273,2279,9.0
2274,2280,8.0
2275,2281,8.0
2276,2282,9.0
2277,2283,9.0
2278,2284,1.0
2279,2285,1.0
2280,2286,1.0
2281,2287,3.0
2282,2288,3.0
2283,2289,3.0
2284,2290,9.0
2285,2291,7.0
2286,2292,3.0
2287,2293,4.0
2288,2294,3.0
2289,2295,6.0
2290,2296,9.0
2291,2297,9.0
2292,2298,9.0
2293,2299,6.0
2294,2300,7.0
2295,2301,9.0
2296,2302,9.0
2297,2303,5.0
2298,2304,8.0
2299,2305,3.0
2300,2306,3.0
2301,2307,3.0
2302,2308,3.0
2303,2309,0.0
2304,2310,3.0
2305,2311,3.0
2306,2312,3.0
2307,2313,3.0
2308,2314,3.0
2309,2315,3.0
2310,2316,0.0
2311,2317,0.0
2312,2318,0.0
2313,2319,0.0
2314,2320,0.0
2315,2321,5.0
2316,2322,5.0
2317,2323,5.0
2318,2324,5.0
2319,2325,5.0
2320,2326,7.0
2321,2327,6.0
2322,2328,6.0
2323,2329,7.0
2324,2330,7.0
2325,2331,6.0
2326,2332,6.0
2327,2333,7.0
2328,2334,7.0
2329,2335,7.0
2330,2336,8.0
2331,2337,7.0
2332,2338,7.0
2333,2339,7.0
2334,2340,8.0
2335,2341,9.0
2336,2342,8.0
2337,2343,8.0
2338,2344,8.0
2339,2345,8.0
2340,2346,8.0
2341,2347,8.0
2342,2348,8.0
2343,2349,8.0
2344,2350,9.0
2345,2351,9.0
2346,2352,9.0
2347,2353,9.0
2348,2354,9.0
2349,2355,0.0
2350,2356,0.0
2351,2357,0.0
2352,2358,0.0
2353,2359,0.0
2354,2360,0.0
2355,2361,0.0
2356,2362,5.0
2357,2363,9.0
2358,2364,9.0
2359,2365,9.0
2360,2366,9.0
2361,2367,9.0
2362,2368,9.0
2363,2369,5.0
2364,2370,6.0
2365,2371,6.0
2366,2372,6.0
2367,2373,3.0
2368,2374,3.0
2369,2375,3.0
2370,2376,3.0
2371,2377,3.0
2372,2378,8.0
2373,2379,3.0
2374,2380,4.0
2375,2381,9.0
2376,2382,5.0
2377,2383,5.0
2378,2384,5.0
2379,2385,5.0
2380,2386,5.0
2381,2387,5.0
2382,2388,5.0
2383,2389,4.0
2384,2390,7.0
2385,2391,7.0
2386,2392,7.0
2387,2393,4.0
2388,2394,4.0
2389,2395,4.0
2390,2396,4.0
2391,2397,0.0
2392,2398,0.0
2393,2399,0.0
2394,2400,0.0
2395,2401,0.0
2396,2402,7.0
2397,2402,9.0
2398,2403,5.0
2399,2404,8.0
2400,2405,7.0
2401,2406,8.0
2402,2407,8.0
2403,2408,8.0
2404,2409,8.0
2405,2410,0.0
2406,2411,0.0
2407,2412,8.0
2408,2413,5.0
2409,2414,0.0
2410,2415,9.0
2411,2416,2.0
2412,2417,0.0
2413,2418,3.0
2414,2419,3.0
2415,2421,0.0
2416,2422,7.0
2417,2423,1.0
2418,2424,7.0
2419,2425,1.0
2420,2426,5.0
2421,2427,7.0
2422,2429,0.0
2423,2430,3.0
2424,2431,3.0
2425,2432,3.0
2426,2433,5.0
2427,2434,5.0
2428,2435,5.0
2429,2436,5.0
2430,2437,8.0
2431,2438,3.0
2432,2439,3.0
2433,2440,1.0
2434,2441,7.0
2435,2442,8.0
2436,2443,4.0
2437,2444,7.0
2438,2445,1.0
2439,2446,6.0
2440,2447,1.0
2441,2448,1.0
2442,2449,0.0
2443,2449,6.0
2444,2450,0.0
2445,2451,0.0
2446,2451,6.0
2447,2452,0.0
2448,2453,0.0
2449,2454,0.0
2450,2455,0.0
2451,2456,7.0
2452,2457,3.0
2453,2458,7.0
2454,2459,7.0
2455,2460,5.0
2456,2461,5.0
2457,2462,2.0
2458,2463,6.0
2459,2464,3.0
2460,2465,2.0
2461,2466,2.0
2462,2467,4.0
2463,2468,4.0
2464,2469,2.0
2465,2470,2.0
2466,2471,2.0
2467,2472,3.0
2468,2473,3.0
2469,2474,8.0
2470,2475,0.0
2471,2476,6.0
2472,2477,0.0
2473,2478,0.0
2474,2479,0.0
2475,2480,0.0
2476,2481,2.0
2477,2482,2.0
2478,2483,0.0
2479,2484,1.0
2480,2485,0.0
2481,2486,0.0
2482,2487,0.0
2483,2488,4.0
2484,2489,3.0
2485,2490,3.0
2486,2491,0.0
2487,2492,0.0
2488,2493,8.0
2489,2494,0.0
2490,2495,1.0
2491,2496,4.0
2492,2497,0.0
2493,2498,3.0
2494,2499,3.0
2495,2500,0.0
2496,2501,0.0
2497,2502,0.0
2498,2503,7.0
2499,2504,0.0
2500,2504,7.0
2501,2505,3.0
2502,2506,3.0
2503,2507,3.0
2504,2508,9.0
2505,2509,7.0
2506,2510,3.0
2507,2511,0.0
2508,2512,3.0
2509,2513,0.0
2510,2514,0.0
2511,2515,2.0
2512,2516,9.0
2513,2517,9.0
2514,2518,0.0
2515,2519,0.0
2516,2520,0.0
2517,2521,0.0
2518,2522,0.0
2519,2523,0.0
2520,2524,0.0
2521,2525,0.0
2522,2526,0.0
2523,2527,4.0
2524,2528,4.0
2525,2530,7.0
2526,2531,8.0
2527,2532,9.0
2528,2533,9.0
2529,2534,6.0
2530,2535,2.0
2531,2536,3.0
2532,2537,2.0
2533,2538,0.0
2534,2539,3.0
2535,2540,0.0
2536,2541,0.0
2537,2542,0.0
2538,2543,2.0
2539,2544,2.0
2540,2545,2.0
2541,2546,0.0
2542,2547,0.0
2543,2548,1.0
2544,2550,1.0
2545,2551,8.0
2546,2552,7.0
2547,2553,3.0
2548,2554,8.0
2549,2555,3.0
2550,2556,3.0
2551,2557,3.0
2552,2558,0.0
2553,2559,2.0
2554,2560,3.0
2555,2561,2.0
2556,2562,9.0
2557,2563,8.0
2558,2564,8.0
2559,2565,8.0
2560,2566,8.0
2561,2567,8.0
2562,2568,8.0
2563,2569,0.0
2564,2570,0.0
2565,2572,0.0
2566,2573,3.0
2567,2574,3.0
2568,2575,3.0
2569,2576,1.0
2570,2577,1.0
2571,2578,0.0
2572,2579,7.0
2573,2580,7.0
2574,2581,7.0
2575,2582,7.0
2576,2582,8.0
2577,2583,0.0
2578,2584,0.0
2579,2585,0.0
2580,2586,1.0
2581,2587,1.0
2582,2588,4.0
2583,2589,2.0
2584,2590,0.0
2585,2591,1.0
2586,2592,9.0
2587,2593,1.0
2588,2594,1.0
2589,2595,0.0
2590,2596,6.0
2591,2597,3.0
2592,2598,3.0
2593,2599,8.0
2594,2600,8.0
2595,2601,8.0
2596,2602,9.0
2597,2603,1.0
2598,2605,2.0
2599,2606,6.0
2600,2607,6.0
2601,2608,7.0
2602,2609,6.0
2603,2610,8.0
2604,2611,8.0
2605,2612,8.0
2606,2613,4.0
2607,2614,5.0
2608,2615,0.0
2609,2616,0.0
2610,2617,5.0
2611,2618,5.0
2612,2619,6.0
2613,2620,6.0
2614,2621,9.0
2615,2622,9.0
2616,2623,9.0
2617,2624,9.0
2618,2625,9.0
2619,2626,9.0
2620,2627,9.0
2621,2628,9.0
2622,2629,9.0
2623,2630,9.0
2624,2631,7.0
2625,2632,0.0
2626,2633,0.0
2627,2634,0.0
2628,2635,0.0
2629,2636,0.0
2630,2637,5.0
2631,2638,1.0
2632,2639,0.0
2633,2640,5.0
2634,2641,6.0
2635,2642,3.0
2636,2643,3.0
2637,2644,1.0
2638,2645,4.0
2639,2646,4.0
2640,2647,8.0
2641,2648,0.0
2642,2649,7.0
2643,2650,2.0
2644,2652,0.0
2645,2653,3.0
2646,2654,7.0
2647,2655,7.0
2648,2656,0.0
2649,2657,2.0
2650,2658,7.0
2651,2659,0.0
2652,2660,0.0
2653,2661,0.0
2654,2662,0.0
2655,2662,1.0
2656,2663,2.0
2657,2664,0.0
2658,2665,0.0
2659,2666,2.0
2660,2667,3.0
2661,2668,2.0
2662,2669,1.0
2663,2670,5.0
2664,2671,5.0
2665,2672,3.0
2666,2673,2.0
2667,2674,2.0
2668,2675,0.0
2669,2676,0.0
2670,2677,6.0
2671,2678,6.0
2672,2679,6.0
2673,2680,3.0
2674,2681,0.0
2675,2682,2.0
2676,2683,2.0
2677,2684,3.0
2678,2685,9.0
2679,2686,2.0
2680,2687,6.0
2681,2688,4.0
2682,2689,7.0
2683,2690,7.0
2684,2691,7.0
2685,2692,6.0
2686,2693,6.0
2687,2694,6.0
2688,2695,6.0
2689,2696,3.0
2690,2697,3.0
2691,2698,3.0
2692,2699,8.0
2693,2700,8.0
2694,2701,8.0
2695,2702,8.0
2696,2703,8.0
2697,2704,8.0
2698,2705,8.0
2699,2706,3.0
2700,2707,7.0
2701,2708,7.0
2702,2709,3.0
2703,2710,1.0
2704,2711,0.0
2705,2712,6.0
2706,2713,4.0
2707,2714,1.0
2708,2715,4.0
2709,2716,3.0
2710,2717,4.0
2711,2718,1.0
2712,2719,3.0
2713,2720,6.0
2714,2721,3.0
2715,2722,8.0
2716,2723,5.0
2717,2724,3.0
2718,2725,2.0
2719,2726,0.0
2720,2727,0.0
2721,2728,0.0
2722,2729,0.0
2723,2730,0.0
2724,2731,0.0
2725,2732,0.0
2726,2733,2.0
2727,2734,7.0
2728,2735,7.0
2729,2736,0.0
2730,2737,0.0
2731,2738,0.0
2732,2740,2.0
2733,2741,2.0
2734,2742,6.0
2735,2743,7.0
2736,2744,0.0
2737,2745,0.0
2738,2746,0.0
2739,2747,0.0
2740,2748,0.0
2741,2749,2.0
2742,2750,2.0
2743,2751,2.0
2744,2753,7.0
2745,2754,8.0
2746,2755,8.0
2747,2756,9.0
2748,2757,9.0
2749,2758,9.0
2750,2760,0.0
2751,2761,0.0
2752,2762,0.0
2753,2763,2.0
2754,2764,0.0
2755,2765,0.0
2756,2766,0.0
2757,2767,0.0
2758,2768,0.0
2759,2769,0.0
2760,2770,0.0
2761,2771,7.0
2762,2772,7.0
2763,2773,7.0
2764,2774,7.0
2765,2775,9.0
2766,2776,6.0
2767,2777,9.0
2768,2778,9.0
2769,2779,9.0
2770,2780,7.0
2771,2781,3.0
2772,2782,3.0
2773,2783,6.0
2774,2784,1.0
2775,2785,1.0
2776,2786,1.0
2777,2787,6.0
2778,2788,6.0
2779,2789,6.0
2780,2790,6.0
2781,2791,6.0
2782,2792,3.0
2783,2793,3.0
2784,2794,3.0
2785,2795,3.0
2786,2796,6.0
2787,2797,3.0
2788,2798,3.0
2789,2799,2.0
2790,2800,2.0
2791,2802,7.0
2792,2803,7.0
2793,2804,8.0
2794,2805,8.0
2795,2806,8.0
2796,2807,7.0
2797,2808,7.0
2798,2809,4.0
2799,2810,4.0
2800,2811,2.0
2801,2812,0.0
2802,2813,9.0
2803,2814,7.0
2804,2815,7.0
2805,2816,3.0
2806,2817,0.0
2807,2818,0.0
2808,2819,0.0
2809,2820,0.0
2810,2821,0.0
2811,2822,0.0
2812,2823,1.0
2813,2824,5.0
2814,2825,2.0
2815,2827,0.0
2816,2828,1.0
2817,2829,7.0
2818,2830,0.0
2819,2831,7.0
2820,2832,0.0
2821,2833,7.0
2822,2834,0.0
2823,2835,0.0
2824,2836,0.0
2825,2837,0.0
2826,2838,7.0
2827,2839,7.0
2828,2840,9.0
2829,2841,5.0
2830,2841,8.0
2831,2842,5.0
2832,2843,0.0
2833,2844,6.0
2834,2845,9.0
2835,2846,9.0
2836,2847,9.0
2837,2848,8.0
2838,2849,6.0
2839,2850,3.0
2840,2851,3.0
2841,2852,5.0
2842,2853,0.0
2843,2854,1.0
2844,2855,8.0
2845,2856,3.0
2846,2857,3.0
2847,2857,7.0
2848,2858,0.0
2849,2859,7.0
2850,2860,2.0
2851,2861,2.0
2852,2862,3.0
2853,2863,3.0
2854,2864,6.0
2855,2865,3.0
2856,2866,7.0
2857,2867,3.0
2858,2868,7.0
2859,2869,2.0
2860,2870,6.0
2861,2871,6.0
2862,2872,6.0
2863,2873,6.0
2864,2874,6.0
2865,2875,7.0
2866,2876,7.0
2867,2877,7.0
2868,2878,7.0
2869,2879,7.0
2870,2880,3.0
2871,2881,3.0
2872,2882,3.0
2873,2883,3.0
2874,2884,3.0
2875,2885,2.0
2876,2886,5.0
2877,2887,5.0
2878,2888,0.0
2879,2889,0.0
2880,2890,2.0
2881,2891,1.0
2882,2892,1.0
2883,2893,0.0
2884,2894,0.0
2885,2895,4.0
2886,2896,4.0
2887,2897,4.0
2888,2898,4.0
2889,2899,4.0
2890,2900,7.0
2891,2901,2.0
2892,2902,2.0
2893,2903,9.0
2894,2904,7.0
2895,2905,7.0
2896,2906,0.0
2897,2907,3.0
2898,2908,3.0
2899,2910,3.0
2900,2911,8.0
2901,2912,5.0
2902,2913,7.0
2903,2914,7.0
2904,2915,6.0
2905,2916,7.0
2906,2917,7.0
2907,2918,4.0
2908,2919,0.0
2909,2920,0.0
2910,2921,0.0
2911,2922,0.0
2912,2923,0.0
2913,2924,0.0
2914,2925,3.0
2915,2926,3.0
2916,2927,0.0
2917,2928,9.0
2918,2929,9.0
2919,2930,8.0
2920,2931,8.0
2921,2933,9.0
2922,2934,9.0
2923,2935,8.0
2924,2936,2.0
2925,2937,2.0
2926,2938,8.0
2927,2939,9.0
2928,2940,9.0
2929,2941,8.0
2930,2942,9.0
2931,2943,9.0
2932,2944,6.0
2933,2945,1.0
2934,2946,1.0
2935,2947,1.0
2936,2948,6.0
2937,2949,6.0
2938,2950,1.0
2939,2951,1.0
2940,2952,8.0
2941,2953,7.0
2942,2954,1.0
2943,2955,1.0
2944,2956,7.0
2945,2957,7.0
2946,2958,6.0
2947,2959,7.0
2948,2960,3.0
2949,2961,7.0
2950,2962,8.0
2951,2963,8.0
2952,2964,8.0
2953,2965,5.0
2954,2965,8.0
2955,2966,1.0
2956,2967,0.0
2957,2969,9.0
2958,2970,7.0
2959,2971,9.0
2960,2972,9.0
2961,2973,8.0
2962,2974,8.0
2963,2975,9.0
2964,2976,9.0
2965,2977,9.0
2966,2978,7.0
2967,2979,5.0
2968,2979,9.0
2969,2980,1.0
2970,2981,0.0
2971,2981,4.0
2972,2982,0.0
2973,2984,5.0
2974,2985,3.0
2975,2986,3.0
2976,2987,0.0
2977,2988,0.0
2978,2989,7.0
2979,2990,7.0
2980,2991,5.0
2981,2992,0.0
2982,2992,5.0
2983,2993,1.0
2984,2994,3.0
2985,2995,1.0
2986,2996,3.0
2987,2997,3.0
2988,2998,5.0
2989,2999,7.0
2990,3000,7.0
2991,3001,8.0
2992,3002,9.0
2993,3003,9.0
2994,3004,9.0
2995,3005,9.0
2996,3006,6.0
2997,3007,6.0
2998,3008,3.0
2999,3009,6.0
3000,3010,4.0
3001,3011,3.0
3002,3012,6.0
3003,3013,6.0
3004,3015,4.0
3005,3016,4.0
3006,3017,7.0
3007,3018,7.0
3008,3019,3.0
3009,3020,3.0
3010,3020,7.0
3011,3021,0.0
3012,3022,3.0
3013,3023,6.0
3014,3024,6.0
3015,3025,9.0
3016,3026,9.0
3017,3027,6.0
3018,3028,1.0
3019,3029,8.0
3020,3030,8.0
3021,3031,2.0
3022,3032,9.0
3023,3034,0.0
3024,3035,1.0
3025,3036,3.0
3026,3037,2.0
3027,3038,3.0
3028,3039,8.0
3029,3040,9.0
3030,3041,7.0
3031,3042,8.0
3032,3043,6.0
3033,3044,7.0
3034,3045,4.0
3035,3046,4.0
3036,3047,4.0
3037,3048,8.0
3038,3050,5.0
3039,3051,5.0
3040,3052,3.0
3041,3052,8.0
3042,3053,5.0
3043,3054,5.0
3044,3055,5.0
3045,3056,7.0
3046,3056,9.0
3047,3057,7.0
3048,3058,7.0
3049,3059,9.0
3050,3060,9.0
3051,3061,4.0
3052,3062,3.0
3053,3063,3.0
3054,3064,3.0
3055,3065,3.0
3056,3066,3.0
3057,3067,3.0
3058,3068,3.0
3059,3069,4.0
3060,3070,9.0
3061,3071,8.0
3062,3072,7.0
3063,3073,7.0
3064,3074,6.0
3065,3075,8.0
3066,3076,8.0
3067,3077,9.0
3068,3078,8.0
3069,3079,7.0
3070,3080,7.0
3071,3081,8.0
3072,3082,8.0
3073,3083,3.0
3074,3084,8.0
3075,3085,3.0
3076,3086,9.0
3077,3087,7.0
3078,3088,7.0
3079,3089,8.0
3080,3090,7.0
3081,3091,1.0
3082,3092,6.0
3083,3093,6.0
3084,3094,0.0
3085,3095,0.0
3086,3096,0.0
3087,3097,0.0
3088,3098,6.0
3089,3099,0.0
3090,3100,6.0
3091,3101,0.0
3092,3102,0.0
3093,3103,6.0
3094,3104,6.0
3095,3105,4.0
3096,3106,2.0
3097,3107,3.0
3098,3108,3.0
3099,3109,4.0
3100,3110,1.0
3101,3111,1.0
3102,3112,1.0
3103,3113,7.0
3104,3114,7.0
3105,3115,7.0
3106,3116,9.0
3107,3117,9.0
3108,3118,9.0
3109,3119,9.0
3110,3120,9.0
3111,3121,9.0
3112,3122,9.0
3113,3123,9.0
3114,3124,8.0
3115,3125,2.0
3116,3126,2.0
3117,3127,2.0
3118,3128,9.0
3119,3129,4.0
3120,3130,1.0
3121,3131,3.0
3122,3132,8.0
3123,3133,8.0
3124,3134,8.0
3125,3135,3.0
3126,3136,3.0
3127,3137,3.0
3128,3138,1.0
3129,3139,1.0
3130,3140,1.0
3131,3141,1.0
3132,3142,0.0
3133,3143,0.0
3134,3144,8.0
3135,3145,8.0
3136,3146,8.0
3137,3147,8.0
3138,3148,2.0
3139,3149,8.0
3140,3150,8.0
3141,3151,8.0
3142,3152,1.0
3143,3153,6.0
3144,3155,0.0
3145,3156,0.0
3146,3157,6.0
3147,3158,3.0
3148,3159,3.0
3149,3160,3.0
3150,3160,8.0
3151,3161,6.0
3152,3162,6.0
3153,3163,6.0
3154,3164,4.0
3155,3165,4.0
3156,3166,4.0
3157,3167,4.0
3158,3168,2.0
3159,3169,5.0
3160,3170,5.0
3161,3171,5.0
3162,3172,5.0
3163,3173,8.0
3164,3174,8.0
3165,3175,8.0
3166,3176,1.0
3167,3177,1.0
3168,3178,1.0
3169,3179,1.0
3170,3180,3.0
3171,3181,3.0
3172,3182,3.0
3173,3183,8.0
3174,3184,3.0
3175,3184,8.0
3176,3185,3.0
3177,3186,8.0
3178,3187,3.0
3179,3188,3.0
3180,3189,6.0
3181,3190,4.0
3182,3191,4.0
3183,3192,4.0
3184,3193,4.0
3185,3194,4.0
3186,3196,8.0
3187,3197,8.0
3188,3198,9.0
3189,3199,3.0
3190,3200,3.0
3191,3201,3.0
3192,3202,3.0
3193,3203,3.0
3194,3204,3.0
3195,3205,3.0
3196,3206,3.0
3197,3207,6.0
3198,3208,7.0
3199,3209,7.0
3200,3210,7.0
3201,3211,2.0
3202,3212,4.0
3203,3213,9.0
3204,3214,8.0
3205,3215,9.0
3206,3216,9.0
3207,3217,9.0
3208,3218,9.0
3209,3219,0.0
3210,3220,0.0
3211,3221,0.0
3212,3222,0.0
3213,3223,0.0
3214,3224,2.0
3215,3225,2.0
3216,3226,7.0
3217,3227,6.0
3218,3228,7.0
3219,3230,0.0
3220,3231,0.0
3221,3232,5.0
3222,3233,7.0
3223,3234,7.0
3224,3235,5.0
3225,3236,5.0
3226,3237,5.0
3227,3238,8.0
3228,3239,7.0
3229,3240,6.0
3230,3241,6.0
3231,3243,0.0
3232,3244,4.0
3233,3245,4.0
3234,3246,4.0
3235,3247,1.0
3236,3248,3.0
3237,3249,7.0
3238,3250,6.0
3239,3251,6.0
3240,3252,8.0
3241,3253,9.0
3242,3254,8.0
3243,3255,3.0
3244,3256,3.0
3245,3257,3.0
3246,3258,4.0
3247,3259,1.0
3248,3260,1.0
3249,3261,1.0
3250,3262,3.0
3251,3263,1.0
3252,3264,1.0
3253,3265,1.0
3254,3265,3.0
3255,3266,5.0
3256,3267,5.0
3257,3268,5.0
3258,3269,9.0
3259,3270,9.0
3260,3271,9.0
3261,3272,9.0
3262,3273,9.0
3263,3274,9.0
3264,3275,7.0
3265,3276,5.0
3266,3277,7.0
3267,3278,5.0
3268,3279,6.0
3269,3280,6.0
3270,3281,5.0
3271,3282,5.0
3272,3283,0.0
3273,3284,9.0
3274,3285,9.0
3275,3286,9.0
3276,3287,8.0
3277,3289,3.0
3278,3290,3.0
3279,3291,3.0
3280,3292,3.0
3281,3293,6.0
3282,3294,6.0
3283,3295,6.0
3284,3296,6.0
3285,3297,0.0
3286,3298,6.0
3287,3299,8.0
3288,3300,0.0
3289,3301,2.0
3290,3302,2.0
3291,3303,3.0
3292,3304,3.0
3293,3305,3.0
3294,3306,3.0
3295,3307,8.0
3296,3308,3.0
3297,3309,3.0
3298,3310,7.0
3299,3311,7.0
3300,3312,7.0
3301,3313,0.0
3302,3314,0.0
3303,3315,4.0
3304,3316,2.0
3305,3317,2.0
3306,3318,2.0
3307,3319,2.0
3308,3320,1.0
3309,3321,6.0
3310,3322,6.0
3311,3323,2.0
3312,3324,1.0
3313,3325,0.0
3314,3326,3.0
3315,3327,0.0
3316,3328,0.0
3317,3329,0.0
3318,3330,6.0
3319,3331,4.0
3320,3332,4.0
3321,3333,6.0
3322,3334,1.0
3323,3335,0.0
3324,3336,0.0
3325,3337,4.0
3326,3338,1.0
3327,3339,1.0
3328,3340,6.0
3329,3341,2.0
3330,3342,2.0
3331,3343,0.0
3332,3344,0.0
3333,3345,0.0
3334,3346,0.0
3335,3347,0.0
3336,3348,2.0
3337,3349,2.0
3338,3350,8.0
3339,3351,8.0
3340,3352,8.0
3341,3353,8.0
3342,3354,8.0
3343,3355,8.0
3344,3356,8.0
3345,3357,8.0
3346,3358,8.0
3347,3359,8.0
3348,3360,7.0
3349,3361,7.0
3350,3362,7.0
3351,3363,7.0
3352,3364,7.0
3353,3365,9.0
3354,3366,9.0
3355,3367,9.0
3356,3369,7.0
3357,3370,7.0
3358,3371,7.0
3359,3372,7.0
3360,3373,7.0
3361,3374,9.0
3362,3375,9.0
3363,3376,7.0
3364,3376,9.0
3365,3377,8.0
3366,3378,9.0
3367,3379,8.0
3368,3380,8.0
3369,3381,8.0
3370,3382,8.0
3371,3383,8.0
3372,3384,8.0
3373,3385,9.0
3374,3386,7.0
3375,3387,8.0
3376,3388,9.0
3377,3390,9.0
3378,3391,9.0
3379,3392,7.0
3380,3393,7.0
3381,3394,9.0
3382,3395,9.0
3383,3396,9.0
3384,3397,9.0
3385,3398,7.0
3386,3399,7.0
3387,3401,9.0
3388,3402,2.0
3389,3403,2.0
3390,3404,2.0
3391,3405,2.0
3392,3406,8.0
3393,3407,6.0
3394,3408,9.0
3395,3410,9.0
3396,3411,9.0
3397,3412,9.0
3398,3413,9.0
3399,3414,9.0
3400,3415,9.0
3401,3416,6.0
3402,3417,7.0
3403,3418,7.0
3404,3420,7.0
3405,3421,7.0
3406,3422,7.0
3407,3423,7.0
3408,3424,7.0
3409,3425,7.0
3410,3426,7.0
3411,3427,7.0
3412,3428,6.0
3413,3429,9.0
3414,3430,8.0
3415,3432,9.0
3416,3433,9.0
3417,3434,9.0
3418,3435,6.0
3419,3436,6.0
3420,3437,3.0
3421,3438,0.0
3422,3439,0.0
3423,3440,4.0
3424,3441,4.0
3425,3442,4.0
3426,3443,4.0
3427,3444,4.0
3428,3445,4.0
3429,3447,8.0
3430,3448,9.0
3431,3449,9.0
3432,3450,9.0
3433,3451,7.0
3434,3452,7.0
3435,3453,9.0
3436,3454,9.0
3437,3455,7.0
3438,3456,9.0
3439,3457,8.0
3440,3458,3.0
3441,3459,7.0
3442,3460,8.0
3443,3461,9.0
3444,3462,6.0
3445,3464,8.0
3446,3465,8.0
3447,3466,8.0
3448,3467,8.0
3449,3468,8.0
3450,3469,8.0
3451,3470,0.0
3452,3471,2.0
3453,3472,2.0
3454,3473,3.0
3455,3474,3.0
3456,3475,0.0
3457,3476,2.0
3458,3477,6.0
3459,3478,6.0
3460,3479,6.0
3461,3480,6.0
3462,3482,6.0
3463,3485,2.0
3464,3486,2.0
3465,3487,6.0
3466,3488,4.0
3467,3489,6.0
3468,3490,6.0
3469,3491,8.0
3470,3492,8.0
3471,3493,8.0
3472,3494,8.0
3473,3495,8.0
3474,3496,8.0
3475,3497,8.0
3476,3498,8.0
3477,3499,8.0
3478,3500,8.0
3479,3501,9.0
3480,3502,9.0
3481,3503,9.0
3482,3504,2.0
3483,3505,2.0
3484,3505,6.0
3485,3506,6.0
3486,3507,2.0
3487,3508,6.0
3488,3509,3.0
3489,3510,7.0
3490,3511,7.0
3491,3512,7.0
3492,3513,7.0
3493,3514,7.0
3494,3515,7.0
3495,3517,7.0
3496,3518,9.0
3497,3519,8.0
3498,3520,8.0
3499,3521,9.0
3500,3522,8.0
3501,3523,8.0
3502,3524,8.0
3503,3525,8.0
3504,3528,8.0
3505,3529,9.0
3506,3530,7.0
3507,3531,8.0
3508,3532,9.0
3509,3533,9.0
3510,3534,9.0
3511,3535,8.0
3512,3535,9.0
3513,3536,9.0
3514,3537,8.0
3515,3538,8.0
3516,3539,8.0
3517,3540,9.0
3518,3541,9.0
3519,3542,8.0
3520,3543,8.0
3521,3544,8.0
3522,3545,8.0
3523,3546,9.0
3524,3547,9.0
3525,3548,9.0
3526,3549,9.0
3527,3550,8.0
3528,3551,8.0
3529,3552,8.0
3530,3553,8.0
3531,3554,7.0
3532,3555,7.0
3533,3556,7.0
3534,3557,7.0
3535,3558,9.0
3536,3560,5.0
3537,3561,5.0
3538,3563,8.0
3539,3565,7.0
3540,3566,6.0
3541,3567,4.0
3542,3568,7.0
3543,3569,6.0
3544,3570,9.0
3545,3571,9.0
3546,3572,9.0
3547,3573,9.0
3548,3574,9.0
3549,3575,9.0
3550,3576,9.0
3551,3577,9.0
3552,3578,7.0
3553,3580,7.0
3554,3581,7.0
3555,3582,7.0
3556,3583,9.0
3557,3584,9.0
3558,3585,8.0
3559,3586,8.0
3560,3587,9.0
3561,3588,9.0
3562,3591,7.0
3563,3592,7.0
3564,3593,9.0
3565,3594,9.0
3566,3595,9.0
3567,3596,8.0
3568,3597,8.0
3569,3598,8.0
3570,3599,8.0
3571,3600,7.0
3572,3601,7.0
3573,3602,7.0
3574,3603,6.0
3575,3604,9.0
3576,3605,7.0
3577,3606,7.0
3578,3607,7.0
3579,3608,7.0
3580,3609,8.0
3581,3610,8.0
3582,3611,9.0
3583,3612,9.0
3584,3613,9.0
3585,3614,9.0
3586,3615,8.0
3587,3616,8.0
3588,3617,8.0
3589,3618,8.0
3590,3620,8.0
3591,3621,8.0
3592,3622,8.0
3593,3623,8.0
3594,3624,8.0
3595,3625,8.0
3596,3626,8.0
3597,3627,7.0
3598,3628,7.0
3599,3629,7.0
3600,3630,7.0
3601,3631,7.0
3602,3632,7.0
3603,3633,7.0
3604,3634,7.0
3605,3635,7.0
3606,3636,4.0
3607,3637,4.0
3608,3638,8.0
3609,3639,8.0
3610,3640,6.0
3611,3641,6.0
3612,3642,6.0
3613,3643,6.0
3614,3644,3.0
3615,3645,7.0
3616,3646,2.0
3617,3646,7.0
3618,3647,2.0
3619,3647,3.0
3620,3648,8.0
3621,3649,8.0
3622,3650,7.0
3623,3651,7.0
3624,3652,3.0
3625,3653,0.0
3626,3653,3.0
3627,3654,3.0
3628,3655,3.0
3629,3656,3.0
3630,3657,0.0
3631,3658,0.0
3632,3659,3.0
3633,3660,0.0
3634,3661,3.0
3635,3662,3.0
3636,3663,3.0
3637,3664,3.0
3638,3665,0.0
3639,3665,3.0
3640,3666,0.0
3641,3667,3.0
3642,3668,3.0
3643,3669,3.0
3644,3670,0.0
3645,3672,0.0
3646,3672,3.0
3647,3673,0.0
3648,3674,0.0
3649,3674,3.0
3650,3675,0.0
3651,3676,9.0
3652,3677,9.0
3653,3678,9.0
3654,3679,9.0
3655,3680,9.0
3656,3681,9.0
3657,3682,0.0
3658,3683,9.0
